{
    "normals": [0.607654,-0.769097,-0.198035,0.600818,-0.455,0.657216,-0.596454,-0.456862,0.659902,-0.586993,-0.782311,-0.208289,0.845576,0.533769,-0.00473,-0.581469,0.813501,-0.007233,-0.645161,0.419202,0.638752,0.524094,0.671255,0.524094,0.638264,-0.263405,-0.723319,0.678976,0.413404,-0.606647,-0.636891,-0.263802,-0.724387,-0.432142,0.709738,-0.556322],
    "uvs": [],
    "name": "CubeGeometry",
    "metadata": {
        "type": "Geometry",
        "normals": 12,
        "uvs": 0,
        "vertices": 12,
        "generator": "io_three",
        "faces": 10,
        "version": 3
    },
    "vertices": [1,-2.12642,-2.06032,1,-1,1,-1,-1,1,-1,-2.19014,-2.10008,1,1,-1,0.999999,2.10585,1,-1,1,1,-1,2.03346,-1,1,-1,-3.053,-0.999999,-1,-3.053,1,1,-3.053,-0.999999,2.03346,-3.053],
    "faces": [33,0,1,2,3,0,1,2,3,33,4,7,6,5,4,5,6,7,33,0,4,5,1,0,4,7,1,33,1,5,6,2,1,7,6,2,33,2,6,7,3,2,6,5,3,33,4,0,8,10,4,0,8,9,33,10,8,9,11,9,8,10,11,33,7,4,10,11,5,4,9,11,33,3,7,11,9,3,5,11,10,33,0,3,9,8,0,3,10,8]
}