{
    "normals": [-0.269662,-0.4391,0.85699,0.053041,-0.784295,0.618091,-0.786676,-0.585376,0.196051,-0.406964,-0.91174,0.05533,-0.387768,-0.882107,0.267373,-0.340037,-0.811396,-0.475387,0.06827,-0.989288,-0.12891,0.592547,-0.774102,-0.222694,0.35078,-0.889309,0.293344,0.525163,-0.573626,0.62859],
    "faces": [32,1,9,0,0,1,0,32,2,3,10,2,3,4,32,4,5,3,5,6,3,32,6,7,5,7,8,6,32,8,9,7,9,1,8,32,9,5,7,1,6,8,32,10,3,5,4,3,6,32,9,10,5,1,4,6],
    "metadata": {
        "generator": "io_three",
        "normals": 10,
        "version": 3,
        "vertices": 11,
        "uvs": 0,
        "faces": 8,
        "type": "Geometry"
    },
    "vertices": [0.240387,-0.295029,-0.609806,0.337742,1.00798,0.088454,1.24907,0.006696,0.695387,0.370632,1.14816,0.57875,0.28092,0.365844,1.97816,-0.267052,1.26021,0.843623,-1.24625,0.315794,1.52099,-0.670593,1.11638,0.2698,-1.52487,-0.119235,-0.144035,-0.332833,0.979859,-0.136971,0.353907,1.01142,0.10341],
    "uvs": [],
    "name": "Cube.001Geometry"
}