{
    "metadata": {
        "version": 3,
        "vertices": 36,
        "type": "Geometry",
        "uvs": 1,
        "generator": "io_three",
        "faces": 34,
        "normals": 25
    },
    "vertices": [1,0.309153,-1,1,0.309153,1,-1,0.309153,1,-1,0.309153,-1,1,1.44042,-1,0.999999,1.44042,1,-1,1.44042,1,-1,1.44042,-1,0.904945,0.309153,-1,0.904945,0.309153,1,0.904946,1.44042,-1,0.904945,1.44042,1,-0.872122,0.309153,-1,-0.872123,0.309153,1,-0.872122,1.44042,-1,-0.872123,1.44042,1,1,0.309153,-0.921351,-1,0.309153,-0.921352,1,1.44042,-0.921351,-1,1.44042,-0.921351,0.904946,1.44042,-0.921351,0.904945,0.309153,-0.921351,-0.872122,1.44042,-0.921351,-0.872122,0.309153,-0.921352,1,0.309153,0.915872,0.999999,1.44042,0.915873,0.904945,1.44042,0.915873,-0.872123,1.44042,0.915872,-1,0.309153,0.915872,-1,1.44042,0.915872,0.904945,0.309153,0.915872,-0.872123,0.309153,0.915872,-0.845041,0.943996,-0.893353,0.877864,0.943996,-0.893353,0.877863,0.943996,0.887875,-0.845041,0.943996,0.887874],
    "uvs": [[0.3451,0.338539,0.340999,0.338445,0.34181,0.333441,0.346123,0.33231,0.247499,0.236319,0.274895,0.251359,0.272974,0.257145,0.259384,0.258008,0.342699,0.417578,0.267695,0.49549,0.264911,0.489435,0.339437,0.416731,0.418654,0.33166,0.49254,0.25116,0.495652,0.256464,0.421808,0.332476,0.505778,0.257882,0.423483,0.337656,0.492789,0.490036,0.421986,0.416565,0.422544,0.4127,0.501737,0.488533,0.258792,0.487496,0.338117,0.412735,0.248738,0.505623,0.34243,0.412897,0.418594,0.412837,0.419447,0.337777,0.515924,0.238957,0.512114,0.507273,0.418045,0.417603,0.491451,0.495699,0.756496,0.0001,0.753879,0.741084,0.751577,0.742834,0.999107,0.742834,0.999107,0.998743,0.751577,0.998743,0.009577,0.74379,0.0001,0.000101]],
    "name": "CubeGeometry",
    "faces": [41,31,13,2,28,0,1,2,3,0,1,2,3,41,27,29,6,15,4,5,6,7,4,5,6,7,41,24,25,5,1,8,9,10,11,8,9,10,11,41,13,15,6,2,1,7,6,2,1,7,6,2,41,17,19,7,3,12,13,14,15,3,5,12,13,41,14,12,3,7,16,17,15,14,14,15,13,12,41,4,0,8,10,18,19,20,21,16,17,15,14,41,1,5,11,9,11,10,22,23,11,10,7,1,41,25,26,11,5,9,24,22,10,9,18,7,10,41,24,1,9,30,8,11,23,25,8,11,1,0,41,10,8,12,14,21,20,17,16,14,15,15,14,41,9,11,15,13,23,22,7,1,1,7,7,1,41,26,27,15,11,24,4,7,22,18,4,7,7,41,30,9,13,31,25,23,1,0,0,1,1,0,41,8,21,23,12,20,26,27,17,15,0,0,15,41,10,14,22,20,21,16,28,29,14,14,19,20,41,0,16,21,8,19,30,26,20,17,8,0,15,41,4,10,20,18,18,21,29,31,16,14,20,9,41,28,29,19,17,3,5,13,12,3,5,5,3,41,0,4,18,16,19,18,31,30,17,16,9,8,41,14,7,19,22,16,14,13,28,14,12,5,19,41,12,23,17,3,17,27,12,15,15,0,3,13,41,2,6,29,28,2,6,5,3,2,6,5,3,41,21,30,31,23,26,25,0,27,0,0,0,0,41,20,22,32,33,29,28,32,33,20,19,21,22,41,16,24,30,21,30,8,25,26,8,8,0,0,41,18,20,26,25,31,29,24,9,9,20,18,9,41,16,18,25,24,30,31,9,8,8,9,9,8,41,22,19,29,27,28,13,5,4,19,5,5,4,41,23,31,28,17,27,0,3,12,0,0,3,3,41,33,32,35,34,34,35,36,37,22,21,23,24,41,26,20,33,34,24,29,33,38,18,20,22,24,41,22,27,35,32,28,4,39,32,19,4,23,21,41,27,26,34,35,4,24,38,39,4,18,24,23],
    "normals": [0,-1,0,0,-0.707083,0.707083,-0.577349,-0.577349,0.577349,-0.707083,-0.707083,0,0.283792,0.915799,-0.284097,-0.707083,0.707083,0,-0.577349,0.577349,0.577349,0,0.707083,0.707083,0.707083,-0.707083,0,0.707083,0.707083,0,0.577349,0.577349,0.577349,0.577349,-0.577349,0.577349,-0.577349,0.577349,-0.577349,-0.577349,-0.577349,-0.577349,0,0.707083,-0.707083,0,-0.707083,-0.707083,0.577349,0.577349,-0.577349,0.577349,-0.577349,-0.577349,-0.283792,0.915799,-0.284097,0.283792,0.915799,0.284097,-0.283792,0.915799,0.284097,0.562609,0.606342,0.561907,-0.562609,0.606342,0.561907,0.562609,0.606342,-0.561907,-0.562609,0.606342,-0.561907]
}