{
    "metadata": {
        "version": 3,
        "vertices": 88,
        "type": "Geometry",
        "uvs": 1,
        "generator": "io_three",
        "faces": 86,
        "normals": 33
    },
    "vertices": [4.53961,0.202253,-4.53961,4.53961,0.202254,4.53961,-4.53961,0.202254,4.53961,-4.53961,0.202253,-4.53961,4.53961,2.58854,-4.5396,4.5396,2.58854,4.53961,-4.53961,2.58854,4.53961,-4.53961,2.58854,-4.53961,4.53961,0.202254,4.07956,-4.53961,0.202254,4.07956,4.5396,2.58854,4.07956,-4.53961,2.58854,4.07956,-4.53961,0.202253,-4.13133,-4.53961,2.58854,-4.13132,4.53961,0.202253,-4.13132,4.53961,2.58854,-4.13132,-4.15364,0.202253,-4.53961,-4.15364,0.202254,4.53961,-4.15364,2.58854,-4.53961,-4.15364,2.58854,4.53961,-4.15364,2.58854,4.07956,-4.15364,0.202254,4.07956,-4.15364,0.202253,-4.13133,-4.15364,2.58854,-4.13132,4.07376,2.58854,4.07956,4.07376,2.58854,-4.13132,4.07376,0.202253,-4.53961,4.07376,0.202254,4.53961,4.07376,2.58854,-4.5396,4.07376,2.58854,4.53961,4.07376,0.202254,4.07956,4.07376,0.202253,-4.13132,-3.82233,0.977362,-3.80068,-3.82233,0.977363,3.74892,3.74245,0.977363,3.74892,3.74246,0.977362,-3.80068,4.53961,0.202253,0.987966,4.53961,2.58854,0.987968,-4.53961,0.202253,0.987965,-4.53961,2.58854,0.987965,-4.15364,0.202253,0.987965,-4.15364,2.58854,0.987965,4.07376,2.58854,0.987968,4.07376,0.202253,0.987966,-3.82233,0.977362,0.906313,3.74246,0.977362,0.906316,-4.53961,0.202253,-1.00104,-4.53961,2.58854,-1.00104,-4.15364,0.202253,-1.00104,4.07376,0.202253,-1.00104,4.53961,0.202253,-1.00104,4.53961,2.58854,-1.00104,-4.15364,2.58854,-1.00104,4.07376,2.58854,-1.00104,-3.82233,0.977362,-0.922506,3.74246,0.977362,-0.922503,0.959174,0.202253,-4.53961,0.959174,0.202254,4.53961,0.959175,2.58854,-4.53961,0.959171,2.58854,4.53961,0.959174,0.202254,4.07956,0.959174,0.202253,-4.13132,0.959171,2.58854,4.07956,0.959175,2.58854,-4.13132,0.878706,0.977363,3.74892,0.878709,0.977362,-3.80068,0.878707,0.977362,0.906314,0.959174,0.202253,0.987966,0.959174,0.202253,-1.00104,0.878708,0.977362,-0.922504,-0.915841,0.202253,-4.53961,-0.915843,0.202254,4.53961,-0.915841,2.58854,-4.53961,-0.915844,2.58854,4.53961,-0.915843,0.202254,4.07956,-0.915841,0.202253,-4.13132,-0.915842,0.202253,0.987965,-0.915842,0.202253,-1.00104,-0.915844,2.58854,4.07956,-0.915841,2.58854,-4.13132,-0.845301,0.977363,3.74892,-0.845298,0.977362,-3.80068,-0.8453,0.977362,0.906314,-0.8453,0.977362,-0.922505,-0.8453,3.2574,0.906314,0.878707,3.2574,0.906314,-0.8453,3.2574,-0.922505,0.878708,3.2574,-0.922504],
    "uvs": [[0.544764,0.509085,0.532154,0.508542,0.533803,0.500475,0.544869,0.498319,0.490552,0.44613,0.510473,0.453959,0.507615,0.467474,0.495664,0.470161,0.532442,0.743607,0.495992,0.777943,0.491865,0.76594,0.524167,0.740896,0.767966,0.507888,0.804433,0.474761,0.807822,0.485388,0.775377,0.510349,0.815856,0.488816,0.777757,0.518285,0.611942,0.760465,0.594852,0.851833,0.615437,0.37671,0.618503,0.39336,0.62855,0.498302,0.628168,0.487006,0.766658,0.518252,0.823823,0.469296,0.764489,0.750873,0.78974,0.784369,0.786651,0.795445,0.75467,0.752775,0.687838,0.490111,0.705642,0.398708,0.880022,0.597741,0.898353,0.593652,0.788032,0.605448,0.776155,0.605669,0.6217,0.596295,0.527423,0.591888,0.900623,0.400063,0.993326,0.580377,0.514241,0.590203,0.421399,0.573042,0.401793,0.567372,0.521268,0.731387,0.533815,0.731222,0.472373,0.784565,0.481747,0.761832,0.766496,0.741182,0.805083,0.781801,0.587838,0.872505,0.613577,0.747141,0.755427,0.740101,0.81063,0.803678,0.125365,0.12358,0.00793,0.12358,0.00793,0.011448,0.125365,0.011448,0.685945,0.877018,0.8849,0.883776,0.699235,0.975275,0.418374,0.364698,0.605152,0.273555,0.398131,0.659776,0.389655,0.858873,0.293868,0.671263,0.711595,0.381795,0.735591,0.288989,0.565182,0.975275,0.125365,0.195722,0.00793,0.195722,0.671871,0.763394,0.671479,0.749766,0.682002,0.856701,0.680851,0.59986,0.686417,0.501055,0.125365,0.309257,0.00793,0.309257,0.306339,0.309257,0.193372,0.309257,0.193372,0.195722,0.306339,0.195722,0.677851,0.655682,0.772944,0.660242,0.618739,0.652166,0.193372,0.12358,0.306339,0.12358,0.305574,0.545294,0.193372,0.011448,0.306339,0.011448,0.51107,0.646882,0.524556,0.646588,0.419113,0.655072,0.784593,0.661824,0.877171,0.679394,0.894404,0.68438,0.995946,0.704448,0.053994,0.71418,0.228247,0.719418,0.142691,0.800061,0.136475,0.806278,0.147842,0.806263,0.141852,0.810926,0.224749,0.892137,0.057111,0.892137]],
    "name": "CubeGeometry",
    "faces": [41,21,17,2,9,0,1,2,3,0,1,2,3,41,20,11,6,19,4,5,6,7,4,5,6,7,41,8,10,5,1,8,9,10,11,8,9,10,11,41,17,19,6,2,1,7,6,2,1,7,6,2,41,12,13,7,3,12,13,14,15,3,5,12,13,41,18,16,3,7,16,17,15,14,14,15,13,12,41,2,6,11,9,2,6,5,3,2,6,5,3,41,36,37,10,8,18,19,9,8,8,9,9,8,41,41,39,11,20,20,21,5,4,16,5,5,4,41,40,21,9,38,22,0,3,23,0,0,3,3,41,16,22,12,3,17,24,12,15,15,0,3,13,41,18,7,13,23,16,14,13,25,14,12,5,17,41,0,4,15,14,26,27,28,29,18,19,9,8,41,46,47,13,12,30,31,13,12,3,5,5,3,41,72,18,23,79,32,16,25,33,14,14,17,20,41,70,75,22,16,34,35,24,17,15,0,0,15,41,76,74,21,40,36,37,0,22,0,0,0,0,41,79,23,32,81,33,25,38,39,20,17,21,20,41,72,70,16,18,32,34,17,16,14,15,15,14,41,71,73,19,17,40,41,7,1,1,7,7,1,41,78,20,19,73,42,4,7,41,22,4,7,7,41,74,71,17,21,37,40,1,0,0,1,1,0,41,8,1,27,30,8,11,43,44,8,11,1,0,41,10,24,29,5,9,45,46,10,9,23,7,10,41,1,5,29,27,11,10,46,43,11,10,7,1,41,4,0,26,28,27,26,47,48,19,18,15,14,41,37,42,24,10,19,49,45,9,9,24,23,9,41,36,8,30,43,18,8,44,50,8,8,0,0,41,0,14,31,26,26,29,51,47,18,8,0,15,41,4,28,25,15,27,48,52,28,19,14,25,9,41,82,44,33,80,53,54,55,56,26,16,27,22,41,53,25,35,55,57,52,58,59,24,25,28,24,41,41,20,33,44,20,4,60,61,16,4,27,16,41,62,24,34,64,62,45,63,64,22,23,29,22,41,52,41,44,54,65,20,61,66,16,16,16,16,41,24,42,45,34,45,49,67,63,23,24,24,29,41,83,54,44,82,68,69,54,53,30,16,16,26,41,50,36,43,49,70,18,50,71,8,8,0,0,41,51,53,42,37,72,57,49,19,9,24,24,9,41,77,76,40,48,73,36,22,74,0,0,0,0,41,9,11,39,38,3,5,21,23,3,5,5,3,41,48,40,38,46,74,22,23,30,0,0,3,3,41,52,47,39,41,65,31,21,20,16,5,5,16,41,50,51,37,36,70,72,19,18,8,9,9,8,41,14,15,51,50,29,28,72,70,8,9,9,8,41,23,13,47,52,25,13,31,65,17,5,5,16,41,22,48,46,12,24,74,30,12,0,0,3,3,41,75,77,48,22,35,73,74,24,0,0,0,0,41,15,25,53,51,28,52,57,72,9,25,24,9,41,14,50,49,31,29,70,71,51,8,8,0,0,41,81,32,54,83,75,76,69,68,20,21,16,30,41,23,52,54,32,25,65,66,38,17,16,16,21,41,42,53,55,45,49,57,59,67,24,24,24,24,41,38,39,47,46,23,21,31,30,3,5,5,3,41,35,65,69,55,77,78,79,80,28,20,31,24,41,31,49,68,61,51,71,81,82,0,0,0,0,41,49,43,67,68,71,50,83,81,0,0,0,0,41,55,69,66,45,80,79,84,85,24,31,32,24,41,78,62,64,80,42,62,64,86,22,22,22,22,41,45,66,64,34,85,84,87,88,24,32,22,29,41,30,27,57,60,44,43,89,90,0,1,1,0,41,24,62,59,29,45,62,91,46,23,22,7,7,41,27,29,59,57,43,46,91,89,1,7,7,1,41,28,26,56,58,48,47,92,93,14,15,15,14,41,25,63,65,35,52,94,95,58,25,20,20,28,41,43,30,60,67,50,44,90,83,0,0,0,0,41,26,31,61,56,47,51,82,92,15,0,0,15,41,28,58,63,25,48,93,94,52,14,14,20,25,41,20,78,80,33,4,42,86,60,4,22,22,27,41,65,81,83,69,78,75,68,79,20,20,30,31,41,61,68,77,75,82,81,73,35,0,0,0,0,41,68,67,76,77,81,83,36,73,0,0,0,0,41,82,66,85,84,96,97,98,99,26,32,10,6,41,66,82,80,64,84,53,56,87,32,26,22,22,41,60,57,71,74,90,89,40,37,0,1,1,0,41,62,78,73,59,62,42,41,91,22,22,7,7,41,57,59,73,71,89,91,41,40,1,7,7,1,41,58,56,70,72,93,92,34,32,14,15,15,14,41,63,79,81,65,94,33,39,95,20,20,20,20,41,67,60,74,76,83,90,37,36,0,0,0,0,41,56,61,75,70,92,82,35,34,15,0,0,15,41,58,72,79,63,93,32,33,94,14,14,20,20,41,87,86,84,85,100,101,99,98,19,12,6,10,41,66,69,87,85,97,102,100,98,32,31,19,10,41,69,83,86,87,102,103,101,100,31,30,12,19,41,83,82,84,86,103,96,99,101,30,26,6,12],