{
    "normals": [0.577349,-0.577349,-0.577349,0.577349,-0.577349,0.577349,-0.577349,-0.577349,0.577349,-0.577349,-0.577349,-0.577349,0,0.707083,0.707083,0,0.316202,0.948668,0.025178,-0.717246,0.696341,0.447188,0,0.894406,0.010987,-0.31315,0.949614,-0.010987,-0.31315,0.949614,0.315806,-0.884548,-0.343181,-0.315806,-0.884548,-0.343181,-0.025178,-0.717246,0.696341,-0.315806,-0.884548,0.343181,0.315806,-0.884548,0.343181,-0.447188,0,0.894406],
    "uvs": [],
    "vertices": [0.316615,0.059591,-0.316615,0.316615,0.059591,0.316615,-0.316615,0.059591,0.316615,-0.316615,0.059591,-0.316615,2.33986,14.5904,-1.40482,2.33985,14.5904,1.40482,-2.33986,14.5904,1.40482,-2.33985,14.5904,-1.40482,2.33986,10.3739,-1.40482,2.33985,10.3739,1.40482,-2.33985,10.3739,1.40482,-2.33985,10.3739,-1.40482,0.316615,10.2702,-0.316615,0.316615,10.2702,0.316615,-0.316615,10.2702,0.316615,-0.316615,10.2702,-0.316616,2.33986,10.3739,-1.40482,2.33986,14.5904,-1.40482,2.33985,10.3739,1.40482,2.33985,14.5904,1.40482,-2.33985,10.3739,1.40482,-2.33986,14.5904,1.40482,-2.33985,10.3739,-1.40482,-2.33985,14.5904,-1.40482],
    "faces": [33,0,1,2,3,0,1,2,3,33,4,7,6,5,4,4,5,5,33,8,4,17,16,6,4,7,7,33,9,5,6,10,8,5,5,9,33,5,9,18,19,5,8,7,7,33,12,0,3,15,10,0,3,11,33,4,8,11,7,4,6,12,4,33,14,10,11,15,13,9,12,11,33,13,9,10,14,14,8,9,13,33,12,8,9,13,10,6,8,14,33,0,12,13,1,0,10,14,1,33,1,13,14,2,1,14,13,2,33,2,14,15,3,2,13,11,3,33,8,12,15,11,6,10,11,12,33,16,17,19,18,7,7,7,7,33,20,21,23,22,15,15,15,15,33,6,7,23,21,5,4,15,15,33,7,11,22,23,4,12,15,15,33,9,8,16,18,8,6,7,7,33,4,5,19,17,4,5,7,7,33,11,10,20,22,12,9,15,15,33,10,6,21,20,9,5,15,15],
    "name": "CubeGeometry",
    "metadata": {
        "normals": 16,
        "generator": "io_three",
        "uvs": 0,
        "vertices": 24,
        "faces": 22,
        "type": "Geometry",
        "version": 3
    }
}