{
    "normals": [0.577349,-0.577349,-0.577349,0.577349,-0.577349,0.577349,-0.577349,-0.577349,0.577349,-0.577349,-0.577349,-0.577349,0.654408,-0.089084,-0.750847,0.719871,-0.07654,-0.68984,-0.719871,-0.07654,-0.68984,-0.654408,-0.089084,-0.750847,0.713309,-0.019135,-0.700583,-0.713309,-0.019135,-0.700583,-0.70098,0.019471,0.712882,0.70098,0.019471,0.712882,0.637989,0.544023,-0.544939,-0.637989,0.544023,-0.544939,-0.694723,0.079318,0.714835,-0.751671,-0.164586,0.63863,0.694723,0.079318,0.714835,0.751671,-0.164586,0.63863,-0.602863,0.417829,0.679647,0.602863,0.417829,0.679647],
    "uvs": [],
    "vertices": [0.310796,0.141378,-0.25653,0.310796,0.141378,0.365063,-0.310796,0.141378,0.365063,-0.310796,0.141378,-0.25653,0.310796,5.45428,-0.25653,0.310796,5.45428,0.365062,-0.310796,5.45428,0.365062,-0.310796,5.45428,-0.25653,0.310796,14.8476,-1.30246,0.310796,14.8476,-0.680864,-0.310796,14.8476,-0.680864,-0.310796,14.8476,-1.30246,-0.310796,10.151,-0.513506,-0.310796,10.151,0.108087,0.310796,10.151,0.108087,0.310796,10.151,-0.513506,0.804242,17.5316,-1.08886,0.804242,17.5316,0.519619,-0.804242,17.5316,0.519618,-0.804242,17.5316,-1.08887],
    "faces": [33,0,1,2,3,0,1,2,3,33,8,15,12,11,4,5,6,7,33,4,0,3,7,8,0,3,9,33,15,4,7,12,5,8,9,6,33,2,6,7,3,2,10,9,3,33,1,5,6,2,1,11,10,2,33,0,4,5,1,0,8,11,1,33,16,8,11,19,12,4,7,13,33,13,10,11,12,14,15,7,6,33,14,9,10,13,16,17,15,14,33,15,8,9,14,5,4,17,16,33,16,19,18,17,12,13,18,19,33,4,15,14,5,8,5,16,11,33,6,13,12,7,10,14,6,9,33,8,16,17,9,4,12,19,17,33,9,17,18,10,17,19,18,15,33,10,18,19,11,15,18,13,7,33,5,14,13,6,11,16,14,10],
    "name": "CubeGeometry",
    "metadata": {
        "normals": 20,
        "generator": "io_three",
        "uvs": 0,
        "vertices": 20,
        "faces": 18,
        "type": "Geometry",
        "version": 3
    }
}